Anicka:565b544541115f9eb882c9a3fe02f73014b5e41a17ca1c7ed68cb24dad7ca170:9595,7578,4844,4316,6965,6379,1379,9829,4478,5982
Boris:e1d6225a227aaf5231747992bd464ae00ae7044cc6aa7a873c3eec7c21cd5aef:3490,1581,2745,3223,5225,8900,4940,1505,7804,6412
Patka:ffaf91acb746243c43476f7c816ee8fb461f8df772bb2907f5914fdbd168b36d:8316,2901,9652,2318,5745,7010,1803,5147,3461,1417
Adam:d2c9fc41148edd53c1c2fbd0cde1a675df24118ff3b3caf939de8d7508969664:1274,4309,9045,9039,3993,8572,1151,2648,9767,1379
Janik:d441a685105297bb141d6d9cf2a45ff84a3b1989818b952078ff776f7c327d1d:4291,8939,4743,4812,4522,3567,9936,1391,3688,4394
Jakub:ff9cfcde175aebc738528a7146bb137759f01ee29eb0466b7315279540b3b9f1:1890,4444,7408,3776,3298,9073,1732,9034,3191,9999
Zuzka:bfa7241f9f5faad9a4071176af9f6cd5b91e460b222debc0794c34b486d8c756:9884,1954,7054,6683,5904,6348,4134,9139,9279,1837
Lucka:0067c19fc6c9d9003d383bf1740862378b68bd9a598e7c00b4a0d09f4bad3296:3179,4223,4955,9325,9989,8948,7970,8754,7068,5389
Dominik:68f0383d4ed8605abf3f4ace0f96f965e14c3c704803669c3dc57833f58dc782:5343,2985,2622,4760,7209,1665,2087,7669,7230,2514
Izabela:c5080630355ee532fbb84f7e040647c80d15cbb18f41ed8c31a20e788ba21019:7357,4119,4521,8985,5072,4464,9499,5560,1900,7954
